{
  "button_coords": {
    "cheese": [0.90,0.445],
    "tomato": [0.9010172144,0.5465201465],
    "patty": [0.8830203443,0.49],
    "lettuce": [0.8982785603,0.6080586081],
    "top_bun": [0.8994522692,0.347985348],
    "onion": [0.9010172144, 0.4073260073],
    "bottom_bun": [0.8994522692, 0.65],
    "can_you_repeat": [0.5, 0.975]
  }
}
