{
  "button_coords": {
    "burger": [0.95, 0.37],
    "cheese": [0.9,0.445],
    "tomato": [0.9,0.5465201465],
    "patty": [0.883,0.49],
    "lettuce": [0.9,0.6080586081],
    "top_bun": [0.9,0.347985348],
    "onion": [0.9, 0.4073260073],
    "bottom_bun": [0.9, 0.63],
    "side": [0.95, 0.445],
    "fries": [0.87, 0.405],
    "thick_fries": [0.87, 0.48],
    "onion_rings": [0.87, 0.57],
    "S": [0.91, 0.405],
    "M": [0.91, 0.48],
    "L": [0.91, 0.57],
    "drink": [0.95, 0.52],
    "done": [0.95, 0.62],
    "can_you_repeat": [0.5, 0.954]
  }
}
